param,training_score,testing_score,precision_draw,precision_lose,precision_win,recall_draw,recall_lose,recall_win,f1_draw,f1_lose,f1_win
PremierLeague_Bet365_ori_f4_rf,0.9492988133764833,0.5408245755860954,0.35,0.64,0.71,0.48,0.61,0.61,0.41,0.62,0.66
PremierLeague_Bet365_ori_f4_svm,0.5749730312837109,0.5521422797089733,0.0,0.64,0.52,0.0,0.46,0.88,0.0,0.53,0.66
PremierLeague_Bet365_ori_f4_knn,0.9991909385113269,0.6160064672594988,0.45,0.61,0.7,0.42,0.68,0.66,0.44,0.64,0.68
PremierLeague_Bet365_ori_f4_nn,0.426914781332016,0.4252223074436188,0.0,0.26,0.44,0.0,0.05,0.91,0.0,0.08,0.59
PremierLeague_Bet365_ori_f3_rf,0.9484897518878102,0.5295068714632175,0.34,0.64,0.7,0.47,0.62,0.6,0.39,0.63,0.64
PremierLeague_Bet365_ori_f3_svm,0.5744336569579288,0.5521422797089733,0.0,0.64,0.52,0.0,0.46,0.88,0.0,0.54,0.66
PremierLeague_Bet365_ori_f3_knn,0.9989212513484358,0.6192400970088925,0.46,0.61,0.7,0.42,0.68,0.67,0.44,0.64,0.68
PremierLeague_Bet365_ori_f3_nn,0.4644013047218323,0.45189976692199707,0.0,0.0,0.45,0.0,0.0,1.0,0.0,0.0,0.62
PremierLeague_Bet365_alt_f4_rf,0.9514589582765203,0.5641864268192968,0.37,0.68,0.73,0.55,0.56,0.67,0.44,0.61,0.7
PremierLeague_Bet365_alt_f4_svm,0.5647668393782384,0.5813573180703189,0.0,0.66,0.56,0.0,0.45,0.89,0.0,0.53,0.69
PremierLeague_Bet365_alt_f4_knn,0.9989091900736297,0.6058871627146362,0.41,0.58,0.7,0.39,0.62,0.68,0.4,0.6,0.69
PremierLeague_Bet365_alt_f4_nn,0.4862285256385803,0.5159444212913513,0.0,0.48,0.53,0.0,0.29,0.86,0.0,0.36,0.65
PremierLeague_Bet365_alt_f3_rf,0.9476411235342241,0.5314799672935405,0.36,0.65,0.71,0.56,0.57,0.61,0.43,0.61,0.66
PremierLeague_Bet365_alt_f3_svm,0.5639487319334606,0.5813573180703189,0.0,0.66,0.56,0.0,0.45,0.89,0.0,0.53,0.69
PremierLeague_Bet365_alt_f3_knn,0.9989091900736297,0.5903515944399019,0.38,0.58,0.69,0.39,0.62,0.65,0.38,0.6,0.67
PremierLeague_Bet365_alt_f3_nn,0.5113171339035034,0.5372036099433899,0.0,0.58,0.53,0.0,0.28,0.91,0.0,0.37,0.67
PremierLeague_WilliamHill_ori_f4_rf,0.9740880921681987,0.7885215221459763,0.62,0.86,0.85,0.73,0.81,0.83,0.67,0.84,0.84
PremierLeague_WilliamHill_ori_f4_svm,0.6121116333236285,0.6150966936993137,0.0,0.75,0.56,0.0,0.58,0.9,0.0,0.65,0.69
PremierLeague_WilliamHill_ori_f4_knn,0.9990849727571435,0.795508421709295,0.68,0.83,0.82,0.69,0.81,0.83,0.68,0.82,0.83
PremierLeague_WilliamHill_ori_f4_nn,0.44682443141937256,0.45003119111061096,0.0,0.0,0.45,0.0,0.0,1.0,0.0,0.0,0.62
PremierLeague_WilliamHill_ori_f3_rf,0.968057230794826,0.7606986899563318,0.58,0.84,0.84,0.71,0.78,0.81,0.63,0.81,0.82
PremierLeague_WilliamHill_ori_f3_svm,0.6118620804392131,0.6148471615720524,0.0,0.75,0.56,0.0,0.57,0.9,0.0,0.65,0.69
PremierLeague_WilliamHill_ori_f3_knn,0.9982947219564946,0.7718028696194635,0.64,0.8,0.8,0.65,0.79,0.81,0.65,0.79,0.81
PremierLeague_WilliamHill_ori_f3_nn,0.5988021492958069,0.5963817834854126,0.0,0.77,0.54,0.0,0.49,0.93,0.0,0.6,0.69
PremierLeague_WilliamHill_alt_f4_rf,0.9752916091809858,0.790945573112616,0.64,0.86,0.86,0.76,0.81,0.83,0.69,0.83,0.84
PremierLeague_WilliamHill_alt_f4_svm,0.6131527237760775,0.6099824429395535,0.0,0.74,0.56,0.0,0.58,0.89,0.0,0.65,0.69
PremierLeague_WilliamHill_alt_f4_knn,0.9991638446423345,0.7905693503887635,0.68,0.81,0.82,0.67,0.82,0.82,0.67,0.81,0.82
PremierLeague_WilliamHill_alt_f4_nn,0.49726158380508423,0.5087785124778748,0.0,0.63,0.49,0.0,0.24,0.94,0.0,0.34,0.64
PremierLeague_WilliamHill_alt_f3_rf,0.9680588653371797,0.7513167795334839,0.58,0.83,0.84,0.7,0.79,0.8,0.63,0.81,0.82
PremierLeague_WilliamHill_alt_f3_svm,0.613069108240311,0.6094808126410836,0.0,0.74,0.56,0.0,0.57,0.89,0.0,0.65,0.69
PremierLeague_WilliamHill_alt_f3_knn,0.9983276892846691,0.7659894657637322,0.64,0.79,0.8,0.63,0.8,0.8,0.63,0.79,0.8
PremierLeague_WilliamHill_alt_f3_nn,0.44541996717453003,0.45322296023368835,0.0,0.0,0.45,0.0,0.0,1.0,0.0,0.0,0.62
PremierLeague_Bwin_ori_f4_rf,0.9378214118747078,0.49719887955182074,0.28,0.68,0.68,0.53,0.49,0.6,0.36,0.57,0.64
PremierLeague_Bwin_ori_f4_svm,0.5848527349228612,0.5910364145658263,0.0,0.76,0.54,0.0,0.46,0.92,0.0,0.57,0.68
PremierLeague_Bwin_ori_f4_knn,0.9995324918186068,0.5574229691876751,0.31,0.57,0.65,0.32,0.53,0.66,0.31,0.55,0.66
PremierLeague_Bwin_ori_f4_nn,0.48527348041534424,0.45798319578170776,0.0,0.0,0.46,0.0,0.0,0.99,0.0,0.0,0.63
PremierLeague_Bwin_ori_f3_rf,0.9368863955119214,0.5084033613445378,0.28,0.69,0.71,0.54,0.49,0.62,0.37,0.57,0.66
PremierLeague_Bwin_ori_f3_svm,0.5867227676484339,0.5952380952380952,0.0,0.78,0.55,0.0,0.45,0.93,0.0,0.57,0.69
PremierLeague_Bwin_ori_f3_knn,0.9990649836372136,0.5546218487394958,0.28,0.59,0.65,0.31,0.54,0.66,0.29,0.56,0.65
PremierLeague_Bwin_ori_f3_nn,0.4600280523300171,0.42296919226646423,0.06,0.0,0.53,0.08,0.0,0.88,0.07,0.0,0.66
PremierLeague_Bwin_alt_f4_rf,0.9484585741811176,0.4869942196531792,0.29,0.68,0.66,0.56,0.43,0.6,0.38,0.52,0.63
PremierLeague_Bwin_alt_f4_svm,0.5891136801541426,0.5823699421965318,0.0,0.72,0.55,0.0,0.4,0.93,0.0,0.51,0.69
PremierLeague_Bwin_alt_f4_knn,0.9995183044315993,0.5549132947976878,0.32,0.57,0.65,0.39,0.49,0.66,0.35,0.53,0.66
PremierLeague_Bwin_alt_f4_nn,0.48603081703186035,0.48121386766433716,0.0,0.61,0.49,0.0,0.14,0.9,0.0,0.23,0.63
PremierLeague_Bwin_alt_f3_rf,0.9407514450867052,0.44508670520231214,0.27,0.67,0.64,0.54,0.38,0.59,0.36,0.48,0.61
PremierLeague_Bwin_alt_f3_svm,0.5910404624277457,0.5809248554913294,0.0,0.72,0.55,0.0,0.39,0.93,0.0,0.51,0.69
PremierLeague_Bwin_alt_f3_knn,0.9990366088631984,0.5563583815028902,0.31,0.59,0.65,0.39,0.5,0.66,0.34,0.54,0.65
PremierLeague_Bwin_alt_f3_nn,0.4171483516693115,0.44797688722610474,0.0,0.35,0.52,0.0,0.46,0.61,0.0,0.4,0.56
PremierLeague_12Bet_ori_f4_rf,0.9828127000384074,0.8062409985597696,0.63,0.89,0.89,0.77,0.81,0.86,0.69,0.85,0.88
PremierLeague_12Bet_ori_f4_svm,0.6085648444501345,0.6049927988478156,0.0,0.7,0.57,0.0,0.49,0.9,0.0,0.58,0.7
PremierLeague_12Bet_ori_f4_knn,0.9993598770964025,0.8407105136821892,0.74,0.86,0.87,0.73,0.84,0.88,0.73,0.85,0.87
PremierLeague_12Bet_ori_f4_nn,0.6068364977836609,0.6050888299942017,0.0,0.71,0.57,0.0,0.48,0.91,0.0,0.57,0.7
PremierLeague_12Bet_ori_f3_rf,0.9788119318909231,0.7772443590974556,0.59,0.87,0.87,0.74,0.79,0.84,0.66,0.83,0.86
PremierLeague_12Bet_ori_f3_svm,0.6085328383049545,0.6055688910225636,0.0,0.7,0.58,0.0,0.5,0.9,0.0,0.58,0.7
PremierLeague_12Bet_ori_f3_knn,0.9983996927410063,0.8194911185789726,0.7,0.84,0.85,0.69,0.82,0.86,0.69,0.83,0.86
PremierLeague_12Bet_ori_f3_nn,0.605140209197998,0.6022083759307861,0.0,0.72,0.57,0.0,0.47,0.91,0.0,0.57,0.7
PremierLeague_12Bet_alt_f4_rf,0.9814005782203662,0.8060132986412258,0.63,0.88,0.89,0.79,0.81,0.86,0.7,0.85,0.87
PremierLeague_12Bet_alt_f4_svm,0.6079023450048185,0.6060518454273874,0.0,0.71,0.58,0.0,0.5,0.9,0.0,0.58,0.7
PremierLeague_12Bet_alt_f4_knn,0.999229039511725,0.8350197552279078,0.73,0.84,0.87,0.72,0.85,0.87,0.72,0.84,0.87
PremierLeague_12Bet_alt_f4_nn,0.6080629825592041,0.6068227887153625,0.0,0.7,0.58,0.0,0.5,0.9,0.0,0.59,0.7
PremierLeague_12Bet_alt_f3_rf,0.9777385159010601,0.7729594295075648,0.58,0.87,0.89,0.76,0.79,0.83,0.65,0.83,0.86
PremierLeague_12Bet_alt_f3_svm,0.6077417282364279,0.6059554784619833,0.0,0.71,0.58,0.0,0.5,0.9,0.0,0.58,0.7
PremierLeague_12Bet_alt_f3_knn,0.9982010921940251,0.8153608942854389,0.69,0.83,0.86,0.69,0.83,0.85,0.69,0.83,0.85
PremierLeague_12Bet_alt_f3_nn,0.5860905647277832,0.5799363851547241,0.0,0.71,0.55,0.0,0.38,0.93,0.0,0.5,0.69
Serie-A_Bet365_ori_f4_rf,0.9335483870967742,0.4574468085106383,0.4,0.65,0.65,0.62,0.45,0.55,0.49,0.53,0.6
Serie-A_Bet365_ori_f4_svm,0.5170967741935484,0.511605415860735,0.23,0.66,0.5,0.05,0.41,0.9,0.08,0.51,0.64
Serie-A_Bet365_ori_f4_knn,0.9996774193548387,0.562862669245648,0.46,0.59,0.62,0.5,0.54,0.63,0.48,0.56,0.63
Serie-A_Bet365_ori_f4_nn,0.42741936445236206,0.41295936703681946,0.34,0.0,0.43,0.18,0.0,0.9,0.23,0.0,0.58
Serie-A_Bet365_ori_f3_rf,0.9312903225806451,0.4690522243713733,0.4,0.68,0.64,0.62,0.48,0.54,0.49,0.56,0.59
Serie-A_Bet365_ori_f3_svm,0.5164516129032258,0.5125725338491296,0.26,0.66,0.49,0.04,0.41,0.91,0.07,0.51,0.64
Serie-A_Bet365_ori_f3_knn,0.9993548387096775,0.5444874274661509,0.44,0.58,0.6,0.49,0.51,0.61,0.46,0.54,0.6
Serie-A_Bet365_ori_f3_nn,0.41741934418678284,0.40618956089019775,0.0,0.0,0.41,0.0,0.0,1.0,0.0,0.0,0.58
Serie-A_Bet365_alt_f4_rf,0.9414802065404475,0.4726522187822497,0.4,0.63,0.68,0.63,0.44,0.58,0.49,0.52,0.63
Serie-A_Bet365_alt_f4_svm,0.5242685025817556,0.5325077399380805,0.33,0.63,0.53,0.08,0.4,0.93,0.13,0.49,0.67
Serie-A_Bet365_alt_f4_knn,0.9996557659208262,0.5531475748194015,0.43,0.56,0.64,0.48,0.51,0.64,0.46,0.53,0.64
Serie-A_Bet365_alt_f4_nn,0.47779691219329834,0.4747162163257599,0.0,0.53,0.46,0.0,0.27,0.94,0.0,0.36,0.62
Serie-A_Bet365_alt_f3_rf,0.9418244406196213,0.47987616099071206,0.4,0.66,0.66,0.63,0.46,0.56,0.49,0.54,0.61
Serie-A_Bet365_alt_f3_svm,0.5187607573149742,0.5232198142414861,0.27,0.63,0.51,0.04,0.4,0.94,0.07,0.49,0.66
Serie-A_Bet365_alt_f3_knn,0.9996557659208262,0.5562435500515995,0.44,0.57,0.63,0.47,0.49,0.66,0.45,0.52,0.65
Serie-A_Bet365_alt_f3_nn,0.42030981183052063,0.4189886450767517,0.0,0.0,0.42,0.0,0.0,1.0,0.0,0.0,0.59
Serie-A_WilliamHill_ori_f4_rf,0.9641034270009535,0.7087819650067295,0.62,0.78,0.81,0.73,0.72,0.76,0.67,0.75,0.79
Serie-A_WilliamHill_ori_f4_svm,0.5369342083123002,0.5254037685060565,0.26,0.6,0.51,0.02,0.49,0.88,0.04,0.54,0.65
Serie-A_WilliamHill_ori_f4_knn,0.9989343204890908,0.7318304172274562,0.69,0.73,0.76,0.66,0.74,0.78,0.67,0.73,0.77
Serie-A_WilliamHill_ori_f4_nn,0.49969151616096497,0.4883916676044464,0.0,0.63,0.46,0.0,0.33,0.93,0.0,0.43,0.62
Serie-A_WilliamHill_ori_f3_rf,0.9601772393291828,0.6781628532974427,0.6,0.75,0.78,0.7,0.68,0.74,0.65,0.71,0.76
Serie-A_WilliamHill_ori_f3_svm,0.5376633574513433,0.5265814266487214,0.32,0.6,0.51,0.02,0.5,0.88,0.04,0.54,0.64
Serie-A_WilliamHill_ori_f3_knn,0.9982612597453587,0.7114737550471063,0.67,0.7,0.75,0.64,0.72,0.75,0.65,0.71,0.75
Serie-A_WilliamHill_ori_f3_nn,0.4239161014556885,0.422947496175766,0.0,0.0,0.42,0.0,0.0,1.0,0.0,0.0,0.6
Serie-A_WilliamHill_alt_f4_rf,0.9639542542362732,0.6953475839770074,0.61,0.77,0.8,0.71,0.69,0.77,0.66,0.73,0.78
Serie-A_WilliamHill_alt_f4_svm,0.5400275432608825,0.5318843183042932,0.37,0.6,0.51,0.03,0.48,0.9,0.06,0.53,0.65
Serie-A_WilliamHill_alt_f4_knn,0.9987425902640561,0.7179809592239985,0.67,0.7,0.77,0.66,0.71,0.76,0.67,0.7,0.76
Serie-A_WilliamHill_alt_f4_nn,0.5282917022705078,0.5196694731712341,0.0,0.62,0.49,0.0,0.45,0.91,0.0,0.52,0.64
Serie-A_WilliamHill_alt_f3_rf,0.9613795581102927,0.6592419615591881,0.58,0.75,0.79,0.73,0.65,0.72,0.64,0.7,0.75
Serie-A_WilliamHill_alt_f3_svm,0.5406263098018083,0.5360158074366804,0.49,0.61,0.51,0.03,0.5,0.9,0.06,0.55,0.65
Serie-A_WilliamHill_alt_f3_knn,0.9978444404526675,0.7003772229207832,0.64,0.69,0.74,0.63,0.7,0.75,0.64,0.7,0.74
Serie-A_WilliamHill_alt_f3_nn,0.4794323742389679,0.4726064205169678,0.0,0.69,0.45,0.0,0.21,0.97,0.0,0.32,0.62
Serie-A_Bwin_ori_f4_rf,0.9293785310734464,0.4467005076142132,0.38,0.57,0.64,0.53,0.5,0.52,0.44,0.54,0.57
Serie-A_Bwin_ori_f4_svm,0.5361581920903955,0.5296108291032149,0.23,0.59,0.52,0.02,0.5,0.89,0.03,0.54,0.66
Serie-A_Bwin_ori_f4_knn,1.0,0.544839255499154,0.44,0.49,0.66,0.41,0.58,0.61,0.42,0.53,0.64
Serie-A_Bwin_ori_f4_nn,0.42146891355514526,0.44331640005111694,0.0,0.0,0.44,0.0,0.0,1.0,0.0,0.0,0.61
Serie-A_Bwin_ori_f3_rf,0.9299435028248587,0.41624365482233505,0.37,0.54,0.65,0.52,0.47,0.53,0.43,0.51,0.59
Serie-A_Bwin_ori_f3_svm,0.5350282485875706,0.5279187817258884,0.23,0.59,0.52,0.02,0.49,0.89,0.03,0.54,0.65
Serie-A_Bwin_ori_f3_knn,1.0,0.49746192893401014,0.37,0.46,0.61,0.33,0.57,0.56,0.35,0.51,0.59
Serie-A_Bwin_ori_f3_nn,0.3875706195831299,0.41624364256858826,0.25,0.23,0.5,0.1,0.18,0.77,0.14,0.2,0.61
Serie-A_Bwin_alt_f4_rf,0.9289520426287744,0.4379432624113475,0.37,0.67,0.63,0.58,0.46,0.55,0.45,0.55,0.59
Serie-A_Bwin_alt_f4_svm,0.5298993487270575,0.549645390070922,0.38,0.68,0.52,0.03,0.48,0.92,0.06,0.56,0.66
Serie-A_Bwin_alt_f4_knn,1.0,0.48936170212765956,0.38,0.49,0.57,0.41,0.49,0.54,0.39,0.49,0.55
Serie-A_Bwin_alt_f4_nn,0.4298401474952698,0.4308510720729828,0.0,0.0,0.43,0.0,0.0,1.0,0.0,0.0,0.6
Serie-A_Bwin_alt_f3_rf,0.9301361752516282,0.4308510638297872,0.37,0.63,0.66,0.59,0.48,0.51,0.45,0.54,0.58
Serie-A_Bwin_alt_f3_svm,0.5298993487270575,0.549645390070922,0.5,0.67,0.52,0.03,0.48,0.92,0.06,0.56,0.66
Serie-A_Bwin_alt_f3_knn,1.0,0.4734042553191489,0.33,0.5,0.56,0.36,0.49,0.53,0.34,0.49,0.55
Serie-A_Bwin_alt_f3_nn,0.3558318614959717,0.3404255211353302,0.19,0.0,0.38,0.08,0.0,0.74,0.12,0.0,0.5
Serie-A_12Bet_ori_f4_rf,0.9781109773448615,0.768220617202889,0.69,0.85,0.87,0.82,0.76,0.83,0.75,0.8,0.85
Serie-A_12Bet_ori_f4_svm,0.5471890846740359,0.5425694900415846,0.27,0.61,0.54,0.05,0.44,0.92,0.08,0.51,0.68
Serie-A_12Bet_ori_f4_knn,0.9993068476159206,0.811008973517181,0.78,0.79,0.84,0.76,0.81,0.85,0.77,0.8,0.84
Serie-A_12Bet_ori_f4_nn,0.4568239152431488,0.4544758200645447,0.0,0.94,0.45,0.0,0.02,1.0,0.0,0.04,0.62
Serie-A_12Bet_ori_f3_rf,0.9727481667943526,0.7358284088421975,0.65,0.83,0.85,0.79,0.71,0.81,0.71,0.76,0.83
Serie-A_12Bet_ori_f3_svm,0.5478457553536902,0.5449770190413658,0.3,0.61,0.55,0.06,0.43,0.92,0.1,0.51,0.68
Serie-A_12Bet_ori_f3_knn,0.997154427054832,0.7892317793827971,0.75,0.77,0.82,0.73,0.78,0.83,0.74,0.78,0.82
Serie-A_12Bet_ori_f3_nn,0.536609411239624,0.5338148474693298,0.0,0.61,0.52,0.0,0.42,0.94,0.0,0.5,0.67
Serie-A_12Bet_alt_f4_rf,0.9772819923655635,0.7766536964980545,0.7,0.84,0.88,0.83,0.75,0.83,0.76,0.79,0.85
Serie-A_12Bet_alt_f4_svm,0.5510506615276285,0.5489716509171763,0.3,0.6,0.55,0.05,0.46,0.92,0.08,0.52,0.69
Serie-A_12Bet_alt_f4_knn,0.9990364303450321,0.8143413007226237,0.78,0.8,0.85,0.78,0.8,0.85,0.78,0.8,0.85
Serie-A_12Bet_alt_f4_nn,0.45369306206703186,0.45214006304740906,0.0,0.0,0.45,0.0,0.0,1.0,0.0,0.0,0.62
Serie-A_12Bet_alt_f3_rf,0.9727235666901383,0.7449694274596999,0.66,0.84,0.86,0.81,0.72,0.8,0.73,0.77,0.83
Serie-A_12Bet_alt_f3_svm,0.5504947559574547,0.5493051695386326,0.32,0.6,0.55,0.05,0.46,0.92,0.09,0.52,0.69
Serie-A_12Bet_alt_f3_knn,0.9970722306637513,0.7965536409116175,0.75,0.78,0.84,0.76,0.79,0.82,0.76,0.78,0.83
Serie-A_12Bet_alt_f3_nn,0.5238112807273865,0.5198443531990051,0.0,0.65,0.5,0.0,0.34,0.96,0.0,0.44,0.66
MLS_Bet365_ori_f4_rf,0.9403620873269436,0.4504792332268371,0.26,0.48,0.67,0.42,0.35,0.59,0.32,0.41,0.63
MLS_Bet365_ori_f4_svm,0.5181043663471778,0.547923322683706,0.0,0.0,0.55,0.0,0.0,1.0,0.0,0.0,0.71
MLS_Bet365_ori_f4_knn,0.9994675186368477,0.5415335463258786,0.33,0.45,0.68,0.34,0.46,0.65,0.33,0.45,0.66
MLS_Bet365_ori_f4_nn,0.5,0.5191693305969238,0.0,0.27,0.55,0.0,0.11,0.9,0.0,0.16,0.68
MLS_Bet365_ori_f3_rf,0.9361022364217252,0.4840255591054313,0.3,0.55,0.69,0.48,0.39,0.63,0.37,0.46,0.66
MLS_Bet365_ori_f3_svm,0.5181043663471778,0.547923322683706,0.0,0.0,0.55,0.0,0.0,1.0,0.0,0.0,0.71
MLS_Bet365_ori_f3_knn,0.9989350372736954,0.5223642172523961,0.3,0.42,0.66,0.33,0.42,0.64,0.32,0.42,0.65
MLS_Bet365_ori_f3_nn,0.5101171731948853,0.5351437926292419,0.0,0.08,0.54,0.0,0.01,0.97,0.0,0.01,0.7
MLS_Bet365_alt_f4_rf,0.9377705627705628,0.4788961038961039,0.33,0.49,0.72,0.52,0.37,0.64,0.4,0.42,0.68
MLS_Bet365_alt_f4_svm,0.5281385281385281,0.5357142857142857,0.0,0.0,0.54,0.0,0.0,1.0,0.0,0.0,0.7
MLS_Bet365_alt_f4_knn,0.9994588744588745,0.5795454545454546,0.37,0.48,0.72,0.34,0.55,0.68,0.35,0.51,0.7
MLS_Bet365_alt_f4_nn,0.4561688303947449,0.44805195927619934,0.17,0.0,0.53,0.2,0.0,0.76,0.19,0.0,0.63
MLS_Bet365_alt_f3_rf,0.9372294372294372,0.4724025974025974,0.31,0.47,0.71,0.48,0.36,0.65,0.38,0.41,0.68
MLS_Bet365_alt_f3_svm,0.5281385281385281,0.5357142857142857,0.0,0.0,0.54,0.0,0.0,1.0,0.0,0.0,0.7
MLS_Bet365_alt_f3_knn,0.9989177489177489,0.5698051948051948,0.39,0.47,0.69,0.4,0.5,0.67,0.4,0.49,0.68
MLS_Bet365_alt_f3_nn,0.23755411803722382,0.22564935684204102,0.2,0.0,0.51,0.91,0.0,0.08,0.33,0.0,0.13
MLS_WilliamHill_ori_f4_rf,0.9448102853559109,0.5904672311069301,0.44,0.59,0.74,0.59,0.48,0.7,0.51,0.53,0.72
MLS_WilliamHill_ori_f4_svm,0.5500156788962057,0.5412354970210097,0.0,0.0,0.54,0.0,0.0,1.0,0.0,0.0,0.7
MLS_WilliamHill_ori_f4_knn,0.9966551688094492,0.6290373157729696,0.51,0.54,0.72,0.5,0.55,0.72,0.5,0.54,0.72
MLS_WilliamHill_ori_f4_nn,0.5380997061729431,0.528692364692688,0.0,0.0,0.54,0.0,0.0,0.98,0.0,0.0,0.69
MLS_WilliamHill_ori_f3_rf,0.9453329152294345,0.5929758544998432,0.44,0.59,0.73,0.57,0.46,0.71,0.5,0.52,0.72
MLS_WilliamHill_ori_f3_svm,0.5500156788962057,0.5412354970210097,0.0,0.0,0.54,0.0,0.0,1.0,0.0,0.0,0.7
MLS_WilliamHill_ori_f3_knn,0.995609909062402,0.6246472248353716,0.5,0.53,0.71,0.51,0.53,0.72,0.5,0.53,0.72
MLS_WilliamHill_ori_f3_nn,0.5500156879425049,0.5412355065345764,0.0,0.0,0.54,0.0,0.0,1.0,0.0,0.0,0.7
MLS_WilliamHill_alt_f4_rf,0.9450104063971958,0.5826487019388761,0.46,0.57,0.72,0.58,0.45,0.71,0.51,0.5,0.72
MLS_WilliamHill_alt_f4_svm,0.5408040311096506,0.5389418337167269,0.0,0.0,0.54,0.0,0.0,1.0,0.0,0.0,0.7
MLS_WilliamHill_alt_f4_knn,0.9966042282834922,0.6187972395662176,0.49,0.53,0.71,0.5,0.52,0.71,0.5,0.53,0.71
MLS_WilliamHill_alt_f4_nn,0.5408040285110474,0.5389418601989746,0.0,0.0,0.54,0.0,0.0,1.0,0.0,0.0,0.7
MLS_WilliamHill_alt_f3_rf,0.9426005038887063,0.5787052251068024,0.44,0.59,0.72,0.57,0.46,0.7,0.49,0.52,0.71
MLS_WilliamHill_alt_f3_svm,0.5408040311096506,0.5389418337167269,0.0,0.0,0.54,0.0,0.0,1.0,0.0,0.0,0.7
MLS_WilliamHill_alt_f3_knn,0.9953992770292475,0.6030233322379231,0.47,0.52,0.7,0.48,0.51,0.69,0.48,0.52,0.69
MLS_WilliamHill_alt_f3_nn,0.5408040285110474,0.5389418601989746,0.0,0.0,0.54,0.0,0.0,1.0,0.0,0.0,0.7
MLS_Bwin_ori_f4_rf,0.9364864864864865,0.3319838056680162,0.26,0.3,0.59,0.46,0.2,0.5,0.34,0.24,0.54
MLS_Bwin_ori_f4_svm,0.5364864864864864,0.46963562753036436,0.0,0.35,0.48,0.0,0.08,0.92,0.0,0.14,0.63
MLS_Bwin_ori_f4_knn,1.0,0.4493927125506073,0.27,0.35,0.58,0.29,0.27,0.63,0.28,0.3,0.6
MLS_Bwin_ori_f4_nn,0.49459460377693176,0.4534412920475006,0.2,0.0,0.48,0.04,0.0,0.92,0.06,0.0,0.63
MLS_Bwin_ori_f3_rf,0.9175675675675675,0.3724696356275304,0.32,0.48,0.58,0.52,0.3,0.54,0.39,0.37,0.56
MLS_Bwin_ori_f3_svm,0.5351351351351351,0.46963562753036436,0.0,0.35,0.48,0.0,0.08,0.92,0.0,0.14,0.63
MLS_Bwin_ori_f3_knn,1.0,0.46153846153846156,0.3,0.33,0.59,0.32,0.25,0.65,0.31,0.29,0.62
MLS_Bwin_ori_f3_nn,0.45270270109176636,0.44534412026405334,0.34,0.0,0.48,0.36,0.0,0.75,0.35,0.0,0.58
MLS_Bwin_alt_f4_rf,0.926490984743412,0.34854771784232363,0.28,0.39,0.59,0.49,0.28,0.46,0.35,0.32,0.52
MLS_Bwin_alt_f4_svm,0.5020804438280166,0.5145228215767634,0.0,0.0,0.52,0.0,0.0,0.99,0.0,0.0,0.68
MLS_Bwin_alt_f4_knn,1.0,0.46887966804979253,0.31,0.32,0.62,0.27,0.39,0.59,0.29,0.36,0.61
MLS_Bwin_alt_f4_nn,0.48959776759147644,0.4730290472507477,0.21,0.25,0.54,0.18,0.02,0.82,0.19,0.03,0.66
MLS_Bwin_alt_f3_rf,0.9306518723994452,0.35269709543568467,0.22,0.33,0.61,0.38,0.21,0.52,0.28,0.26,0.56
MLS_Bwin_alt_f3_svm,0.5034674063800277,0.5145228215767634,0.0,0.0,0.52,0.0,0.0,0.99,0.0,0.0,0.68
MLS_Bwin_alt_f3_knn,1.0,0.48132780082987553,0.29,0.33,0.63,0.22,0.39,0.64,0.25,0.36,0.63
MLS_Bwin_alt_f3_nn,0.5090152621269226,0.5186722278594971,0.0,0.0,0.52,0.0,0.0,1.0,0.0,0.0,0.68
MLS_12Bet_ori_f4_rf,0.9696001892595221,0.7076459109455384,0.57,0.76,0.83,0.72,0.66,0.79,0.64,0.71,0.81
MLS_12Bet_ori_f4_svm,0.5446534185001183,0.5314883803441547,0.0,0.0,0.53,0.0,0.0,1.0,0.0,0.0,0.69
MLS_12Bet_ori_f4_knn,0.9981074047788029,0.74099698421146,0.65,0.69,0.8,0.63,0.72,0.8,0.64,0.7,0.8
MLS_12Bet_ori_f4_nn,0.5445942878723145,0.5314883589744568,0.0,0.0,0.53,0.0,0.0,1.0,0.0,0.0,0.69
MLS_12Bet_ori_f3_rf,0.9648687012065295,0.6817456093666844,0.54,0.74,0.8,0.67,0.61,0.78,0.59,0.67,0.79
MLS_12Bet_ori_f3_svm,0.5446534185001183,0.5314883803441547,0.0,0.0,0.53,0.0,0.0,1.0,0.0,0.0,0.69
MLS_12Bet_ori_f3_knn,0.9956233735509817,0.7230796522973213,0.63,0.67,0.78,0.61,0.69,0.78,0.62,0.68,0.78
MLS_12Bet_ori_f3_nn,0.5446534156799316,0.5314883589744568,0.0,0.0,0.53,0.0,0.0,1.0,0.0,0.0,0.69
MLS_12Bet_alt_f4_rf,0.9683698296836983,0.7192451486558661,0.57,0.77,0.84,0.71,0.66,0.81,0.63,0.71,0.82
MLS_12Bet_alt_f4_svm,0.5417482641979704,0.5421043261527506,0.0,0.0,0.54,0.0,0.0,1.0,0.0,0.0,0.7
MLS_12Bet_alt_f4_knn,0.9985164085217495,0.7609043973651415,0.68,0.72,0.81,0.64,0.73,0.82,0.66,0.72,0.82
MLS_12Bet_alt_f4_nn,0.5417482852935791,0.5421043038368225,0.0,0.0,0.54,0.0,0.0,1.0,0.0,0.0,0.7
MLS_12Bet_alt_f3_rf,0.9636816806124265,0.6861313868613139,0.53,0.75,0.81,0.68,0.61,0.78,0.6,0.67,0.8
MLS_12Bet_alt_f3_svm,0.5417482641979704,0.5421043261527506,0.0,0.0,0.54,0.0,0.0,1.0,0.0,0.0,0.7
MLS_12Bet_alt_f3_knn,0.9956679128835084,0.7498664767669575,0.67,0.69,0.81,0.64,0.71,0.81,0.65,0.7,0.81
MLS_12Bet_alt_f3_nn,0.5417482852935791,0.5421043038368225,0.0,0.0,0.54,0.0,0.0,1.0,0.0,0.0,0.7
LaLiga_Bet365_ori_f4_rf,0.943870523415978,0.4318181818181818,0.43,0.42,0.69,0.64,0.3,0.56,0.51,0.35,0.62
LaLiga_Bet365_ori_f4_svm,0.4758953168044077,0.47830578512396693,0.11,0.52,0.48,0.0,0.16,0.95,0.01,0.24,0.64
LaLiga_Bet365_ori_f4_knn,0.9989669421487604,0.5402892561983471,0.51,0.38,0.65,0.49,0.44,0.63,0.5,0.41,0.64
LaLiga_Bet365_ori_f4_nn,0.4387052357196808,0.4597107470035553,0.28,0.0,0.47,0.07,0.0,0.94,0.11,0.0,0.63
LaLiga_Bet365_ori_f3_rf,0.9369834710743802,0.44008264462809915,0.45,0.49,0.72,0.69,0.35,0.55,0.54,0.41,0.63
LaLiga_Bet365_ori_f3_svm,0.47555096418732784,0.4772727272727273,0.1,0.51,0.48,0.0,0.15,0.95,0.01,0.24,0.64
LaLiga_Bet365_ori_f3_knn,0.9989669421487604,0.5413223140495868,0.5,0.4,0.65,0.49,0.45,0.62,0.49,0.42,0.64
LaLiga_Bet365_ori_f3_nn,0.44731405377388,0.4638429880142212,0.0,0.0,0.46,0.0,0.0,1.0,0.0,0.0,0.63
LaLiga_Bet365_alt_f4_rf,0.9400665926748057,0.4672586015538291,0.43,0.55,0.69,0.63,0.38,0.58,0.51,0.45,0.63
LaLiga_Bet365_alt_f4_svm,0.4802071772105068,0.4916759156492786,0.0,0.55,0.49,0.0,0.23,0.96,0.0,0.32,0.64
LaLiga_Bet365_alt_f4_knn,0.9988901220865705,0.5294117647058824,0.47,0.41,0.63,0.43,0.45,0.64,0.45,0.43,0.63
LaLiga_Bet365_alt_f4_nn,0.4302626848220825,0.43396225571632385,0.18,0.0,0.46,0.06,0.0,0.91,0.09,0.0,0.61
LaLiga_Bet365_alt_f3_rf,0.9374768775434702,0.45615982241953384,0.42,0.53,0.68,0.6,0.39,0.57,0.49,0.45,0.62
LaLiga_Bet365_alt_f3_svm,0.4794672586015538,0.4916759156492786,0.0,0.56,0.49,0.0,0.23,0.96,0.0,0.32,0.64
LaLiga_Bet365_alt_f3_knn,0.998520162782094,0.5316315205327414,0.45,0.43,0.64,0.43,0.47,0.63,0.44,0.45,0.64
LaLiga_Bet365_alt_f3_nn,0.3792082965373993,0.38956713676452637,0.28,0.0,0.43,0.27,0.0,0.67,0.27,0.0,0.53
LaLiga_WilliamHill_ori_f4_rf,0.9646331211720908,0.7085734870317003,0.62,0.75,0.82,0.76,0.62,0.79,0.68,0.68,0.81
LaLiga_WilliamHill_ori_f4_svm,0.49357511708898766,0.49027377521613835,0.26,0.5,0.5,0.02,0.17,0.95,0.04,0.25,0.65
LaLiga_WilliamHill_ori_f4_knn,0.9995796805572235,0.7372118155619597,0.67,0.69,0.8,0.7,0.66,0.81,0.68,0.67,0.8
LaLiga_WilliamHill_ori_f4_nn,0.46655458211898804,0.4630763828754425,0.0,1.0,0.46,0.0,0.0,1.0,0.0,0.01,0.63
LaLiga_WilliamHill_ori_f3_rf,0.9606701092830551,0.6669668587896254,0.57,0.72,0.81,0.74,0.57,0.76,0.65,0.64,0.79
LaLiga_WilliamHill_ori_f3_svm,0.49393539089708177,0.49027377521613835,0.25,0.5,0.5,0.02,0.17,0.95,0.04,0.25,0.65
LaLiga_WilliamHill_ori_f3_knn,0.9989792242103999,0.7101945244956772,0.64,0.66,0.78,0.67,0.65,0.77,0.65,0.65,0.78
LaLiga_WilliamHill_ori_f3_nn,0.46535366773605347,0.4619956910610199,0.0,0.0,0.46,0.0,0.0,1.0,0.0,0.0,0.63
LaLiga_WilliamHill_alt_f4_rf,0.9669352775645945,0.7011317859198158,0.62,0.76,0.81,0.75,0.62,0.8,0.68,0.68,0.8
LaLiga_WilliamHill_alt_f4_svm,0.5075466871322589,0.48148858622674084,0.14,0.52,0.48,0.0,0.21,0.95,0.01,0.3,0.64
LaLiga_WilliamHill_alt_f4_knn,0.9995523151701202,0.7373873009783234,0.68,0.71,0.79,0.69,0.67,0.81,0.68,0.69,0.8
LaLiga_WilliamHill_alt_f4_nn,0.47307494282722473,0.449069619178772,0.0,0.76,0.45,0.0,0.01,1.0,0.0,0.02,0.62
LaLiga_WilliamHill_alt_f3_rf,0.9624584292657968,0.6637253021292921,0.58,0.73,0.78,0.71,0.57,0.77,0.64,0.64,0.78
LaLiga_WilliamHill_alt_f3_svm,0.507610642107956,0.48148858622674084,0.14,0.52,0.48,0.0,0.21,0.95,0.01,0.3,0.64
LaLiga_WilliamHill_alt_f3_knn,0.998848810437452,0.6984461922117783,0.64,0.66,0.76,0.65,0.63,0.77,0.64,0.65,0.76
LaLiga_WilliamHill_alt_f3_nn,0.47058069705963135,0.446959525346756,0.0,0.0,0.45,0.0,0.0,1.0,0.0,0.0,0.62
LaLiga_Bwin_ori_f4_rf,0.940099833610649,0.4186046511627907,0.36,0.41,0.71,0.64,0.24,0.55,0.46,0.31,0.62
LaLiga_Bwin_ori_f4_svm,0.4897393233499723,0.5232558139534884,0.62,0.48,0.52,0.05,0.15,0.96,0.09,0.22,0.68
LaLiga_Bwin_ori_f4_knn,1.0,0.5232558139534884,0.45,0.37,0.66,0.52,0.36,0.6,0.48,0.36,0.63
LaLiga_Bwin_ori_f4_nn,0.3022739887237549,0.3205980062484741,0.25,0.0,0.43,0.53,0.0,0.36,0.34,0.0,0.39
LaLiga_Bwin_ori_f3_rf,0.9323349972268441,0.4152823920265781,0.37,0.42,0.73,0.69,0.24,0.54,0.48,0.31,0.62
LaLiga_Bwin_ori_f3_svm,0.4891846921797005,0.521594684385382,0.64,0.47,0.52,0.04,0.15,0.96,0.08,0.22,0.68
LaLiga_Bwin_ori_f3_knn,1.0,0.5166112956810631,0.45,0.35,0.64,0.49,0.34,0.62,0.47,0.35,0.63
LaLiga_Bwin_ori_f3_nn,0.450360506772995,0.49335548281669617,0.0,0.0,0.49,0.0,0.0,1.0,0.0,0.0,0.66
LaLiga_Bwin_alt_f4_rf,0.9351190476190476,0.41532976827094475,0.42,0.49,0.67,0.64,0.34,0.56,0.51,0.4,0.61
LaLiga_Bwin_alt_f4_svm,0.5083333333333333,0.5008912655971479,0.61,0.69,0.48,0.09,0.17,0.96,0.15,0.27,0.64
LaLiga_Bwin_alt_f4_knn,1.0,0.49554367201426025,0.41,0.41,0.59,0.35,0.43,0.62,0.38,0.42,0.61
LaLiga_Bwin_alt_f4_nn,0.43095237016677856,0.41889482736587524,0.3,0.0,0.52,0.47,0.0,0.63,0.37,0.0,0.57
LaLiga_Bwin_alt_f3_rf,0.9279761904761905,0.4117647058823529,0.4,0.51,0.65,0.62,0.3,0.58,0.49,0.37,0.61
LaLiga_Bwin_alt_f3_svm,0.5077380952380952,0.49732620320855614,0.57,0.65,0.48,0.07,0.17,0.96,0.13,0.26,0.64
LaLiga_Bwin_alt_f3_knn,1.0,0.47237076648841353,0.4,0.37,0.57,0.35,0.41,0.59,0.37,0.39,0.58
LaLiga_Bwin_alt_f3_nn,0.4077380895614624,0.4224599003791809,0.33,0.0,0.49,0.48,0.0,0.63,0.39,0.0,0.55
LaLiga_12Bet_ori_f4_rf,0.9792454285934727,0.7781506770049763,0.71,0.85,0.89,0.86,0.76,0.82,0.78,0.8,0.85
LaLiga_12Bet_ori_f4_svm,0.46909960651184324,0.4644138409906261,0.23,0.56,0.46,0.03,0.18,0.94,0.05,0.28,0.62
LaLiga_12Bet_ori_f4_knn,0.9988426818918293,0.829533618794121,0.81,0.81,0.86,0.8,0.82,0.86,0.81,0.81,0.86
LaLiga_12Bet_ori_f4_nn,0.45571330189704895,0.4544612765312195,0.0,0.85,0.44,0.0,0.09,0.99,0.0,0.16,0.61
LaLiga_12Bet_ori_f3_rf,0.9765450196744079,0.754426570998727,0.67,0.85,0.87,0.84,0.73,0.8,0.75,0.78,0.83
LaLiga_12Bet_ori_f3_svm,0.4697939973767456,0.4659182964934614,0.25,0.57,0.47,0.03,0.19,0.94,0.06,0.28,0.62
LaLiga_12Bet_ori_f3_knn,0.9972995910809351,0.8090498784862863,0.79,0.78,0.84,0.78,0.8,0.84,0.79,0.79,0.84
LaLiga_12Bet_ori_f3_nn,0.4343028962612152,0.43339890241622925,0.0,0.0,0.43,0.0,0.0,1.0,0.0,0.0,0.6
LaLiga_12Bet_alt_f4_rf,0.9789382686942513,0.7807637906647807,0.7,0.86,0.88,0.85,0.76,0.82,0.77,0.81,0.85
LaLiga_12Bet_alt_f4_svm,0.46756257613265745,0.4738330975954738,0.24,0.57,0.47,0.02,0.18,0.95,0.04,0.28,0.63
LaLiga_12Bet_alt_f4_knn,0.9991748202286926,0.8287364450730788,0.8,0.82,0.86,0.8,0.81,0.85,0.8,0.81,0.86
LaLiga_12Bet_alt_f4_nn,0.45946794748306274,0.4645214378833771,0.0,0.71,0.45,0.0,0.13,0.98,0.0,0.22,0.62
LaLiga_12Bet_alt_f3_rf,0.9755589610593737,0.7498821310702499,0.66,0.85,0.87,0.85,0.72,0.79,0.74,0.78,0.83
LaLiga_12Bet_alt_f3_svm,0.46807340170537154,0.47336162187647335,0.23,0.57,0.47,0.03,0.18,0.95,0.05,0.28,0.63
LaLiga_12Bet_alt_f3_knn,0.997760226335023,0.8036303630363036,0.77,0.79,0.83,0.77,0.79,0.83,0.77,0.79,0.83
LaLiga_12Bet_alt_f3_nn,0.43789538741111755,0.4428335726261139,0.37,0.82,0.44,0.03,0.01,0.98,0.06,0.02,0.61
Bundesliga_Bet365_ori_f4_rf,0.9421182266009852,0.45689655172413796,0.36,0.56,0.62,0.47,0.48,0.58,0.41,0.51,0.6
Bundesliga_Bet365_ori_f4_svm,0.5414614121510674,0.5098522167487685,0.0,0.56,0.49,0.0,0.44,0.88,0.0,0.49,0.63
Bundesliga_Bet365_ori_f4_knn,0.9987684729064039,0.5295566502463054,0.41,0.54,0.59,0.38,0.54,0.61,0.39,0.54,0.6
Bundesliga_Bet365_ori_f4_nn,0.401067316532135,0.39901477098464966,0.29,0.0,0.41,0.12,0.0,0.88,0.17,0.0,0.56
Bundesliga_Bet365_ori_f3_rf,0.9408866995073891,0.4482758620689655,0.37,0.55,0.64,0.52,0.47,0.56,0.43,0.5,0.6
Bundesliga_Bet365_ori_f3_svm,0.5316091954022989,0.49507389162561577,0.0,0.6,0.47,0.0,0.34,0.92,0.0,0.43,0.62
Bundesliga_Bet365_ori_f3_knn,0.9979474548440066,0.5357142857142857,0.42,0.52,0.62,0.38,0.56,0.62,0.4,0.54,0.62
Bundesliga_Bet365_ori_f3_nn,0.4404761791229248,0.4199507534503937,0.17,0.0,0.44,0.06,0.0,0.96,0.09,0.0,0.61
Bundesliga_Bet365_alt_f4_rf,0.9401172529313233,0.4635678391959799,0.39,0.61,0.68,0.61,0.5,0.55,0.48,0.55,0.61
Bundesliga_Bet365_alt_f4_svm,0.5288944723618091,0.535175879396985,0.0,0.63,0.51,0.0,0.43,0.92,0.0,0.51,0.66
Bundesliga_Bet365_alt_f4_knn,0.9991624790619765,0.5552763819095478,0.44,0.56,0.62,0.44,0.56,0.62,0.44,0.56,0.62
Bundesliga_Bet365_alt_f4_nn,0.4543551206588745,0.45854270458221436,0.0,0.42,0.47,0.0,0.23,0.88,0.0,0.3,0.61
Bundesliga_Bet365_alt_f3_rf,0.9359296482412061,0.4723618090452261,0.4,0.64,0.69,0.66,0.49,0.54,0.5,0.56,0.6
Bundesliga_Bet365_alt_f3_svm,0.5159128978224455,0.5175879396984925,0.0,0.66,0.49,0.0,0.34,0.94,0.0,0.45,0.64
Bundesliga_Bet365_alt_f3_knn,0.9987437185929648,0.5288944723618091,0.41,0.52,0.61,0.42,0.54,0.58,0.42,0.53,0.6
Bundesliga_Bet365_alt_f3_nn,0.3844221234321594,0.38819095492362976,0.24,0.6,0.52,0.45,0.04,0.6,0.31,0.07,0.55
Bundesliga_WilliamHill_ori_f4_rf,0.9673553067339536,0.7298959318826869,0.63,0.82,0.81,0.75,0.72,0.79,0.68,0.77,0.8
Bundesliga_WilliamHill_ori_f4_svm,0.5621353098880303,0.5449385052034059,0.0,0.64,0.52,0.0,0.45,0.92,0.0,0.53,0.66
Bundesliga_WilliamHill_ori_f4_knn,0.9992903327550859,0.7339167455061495,0.66,0.74,0.77,0.65,0.73,0.78,0.66,0.74,0.78
Bundesliga_WilliamHill_ori_f4_nn,0.49992114305496216,0.48959317803382874,0.0,0.66,0.47,0.0,0.21,0.97,0.0,0.32,0.63
Bundesliga_WilliamHill_ori_f3_rf,0.9631761551805709,0.6762062440870388,0.56,0.76,0.78,0.69,0.67,0.75,0.62,0.71,0.76
Bundesliga_WilliamHill_ori_f3_svm,0.5630815328812491,0.5473036896877956,0.0,0.65,0.52,0.0,0.45,0.93,0.0,0.53,0.67
Bundesliga_WilliamHill_ori_f3_knn,0.9988960731745782,0.7034058656575213,0.63,0.71,0.74,0.62,0.7,0.75,0.62,0.71,0.75
Bundesliga_WilliamHill_ori_f3_nn,0.47563475370407104,0.4616840183734894,0.0,0.62,0.45,0.0,0.09,0.99,0.0,0.16,0.62
Bundesliga_WilliamHill_alt_f4_rf,0.9679579148732664,0.7078651685393258,0.57,0.81,0.83,0.74,0.72,0.76,0.64,0.76,0.79
Bundesliga_WilliamHill_alt_f4_svm,0.5561135023114937,0.5503227348792733,0.0,0.61,0.53,0.0,0.45,0.9,0.0,0.52,0.67
Bundesliga_WilliamHill_alt_f4_knn,0.9995217599234816,0.7164714319866125,0.62,0.72,0.76,0.62,0.71,0.77,0.62,0.72,0.77
Bundesliga_WilliamHill_alt_f4_nn,0.4459588825702667,0.46091321110725403,0.0,0.31,0.46,0.0,0.0,1.0,0.0,0.01,0.63
Bundesliga_WilliamHill_alt_f3_rf,0.9610234337637494,0.6696151087736074,0.52,0.75,0.79,0.66,0.67,0.74,0.58,0.71,0.76
Bundesliga_WilliamHill_alt_f3_svm,0.5565917423880121,0.5524743007410949,0.0,0.62,0.53,0.0,0.45,0.9,0.0,0.52,0.67
Bundesliga_WilliamHill_alt_f3_knn,0.9989638131675435,0.693999521874253,0.59,0.71,0.74,0.59,0.69,0.75,0.59,0.7,0.74
Bundesliga_WilliamHill_alt_f3_nn,0.4525745213031769,0.4680851101875305,0.0,0.63,0.47,0.0,0.03,0.99,0.0,0.07,0.63
Bundesliga_Bwin_ori_f4_rf,0.9286182056319581,0.4538310412573674,0.31,0.64,0.66,0.5,0.45,0.58,0.38,0.53,0.62
Bundesliga_Bwin_ori_f4_svm,0.5383104125736738,0.5461689587426326,0.0,0.67,0.52,0.0,0.39,0.94,0.0,0.49,0.67
Bundesliga_Bwin_ori_f4_knn,0.9986902423051736,0.5383104125736738,0.41,0.51,0.62,0.4,0.5,0.63,0.4,0.51,0.63
Bundesliga_Bwin_ori_f4_nn,0.482645720243454,0.5108054876327515,0.29,0.47,0.58,0.09,0.59,0.67,0.14,0.52,0.62
Bundesliga_Bwin_ori_f3_rf,0.9266535690897184,0.46168958742632615,0.33,0.63,0.66,0.54,0.45,0.59,0.41,0.52,0.62
Bundesliga_Bwin_ori_f3_svm,0.5337262606417813,0.5422396856581533,0.0,0.67,0.51,0.0,0.38,0.94,0.0,0.48,0.67
Bundesliga_Bwin_ori_f3_knn,0.9986902423051736,0.5147347740667977,0.37,0.51,0.61,0.39,0.5,0.59,0.38,0.5,0.6
Bundesliga_Bwin_ori_f3_nn,0.45252129435539246,0.4577603042125702,0.22,0.5,0.52,0.19,0.02,0.92,0.2,0.04,0.66
Bundesliga_Bwin_alt_f4_rf,0.9309623430962343,0.4279749478079332,0.29,0.54,0.66,0.49,0.42,0.55,0.36,0.48,0.6
Bundesliga_Bwin_alt_f4_svm,0.5320781032078103,0.55741127348643,0.0,0.72,0.53,0.0,0.38,0.95,0.0,0.5,0.68
Bundesliga_Bwin_alt_f4_knn,1.0,0.5156576200417536,0.28,0.51,0.62,0.26,0.52,0.63,0.27,0.52,0.63
Bundesliga_Bwin_alt_f4_nn,0.5195258259773254,0.5386221408843994,0.0,0.52,0.55,0.0,0.5,0.83,0.0,0.51,0.66
Bundesliga_Bwin_alt_f3_rf,0.9302649930264993,0.4133611691022965,0.24,0.58,0.63,0.41,0.44,0.52,0.31,0.5,0.57
Bundesliga_Bwin_alt_f3_svm,0.5299860529986054,0.5532359081419624,0.0,0.71,0.52,0.0,0.37,0.95,0.0,0.49,0.67
Bundesliga_Bwin_alt_f3_knn,1.0,0.4822546972860125,0.26,0.46,0.61,0.25,0.5,0.58,0.26,0.48,0.59
Bundesliga_Bwin_alt_f3_nn,0.4428173005580902,0.4613778591156006,0.29,0.0,0.47,0.08,0.0,0.96,0.13,0.0,0.63
Bundesliga_12Bet_ori_f4_rf,0.9783446324928059,0.7812728602779809,0.68,0.88,0.87,0.83,0.78,0.83,0.75,0.83,0.85
Bundesliga_12Bet_ori_f4_svm,0.5346046919962932,0.5242136064374543,0.0,0.62,0.5,0.0,0.42,0.91,0.0,0.5,0.64
Bundesliga_12Bet_ori_f4_knn,0.9991220796956543,0.8239941477688368,0.78,0.84,0.84,0.78,0.81,0.86,0.78,0.83,0.85
Bundesliga_12Bet_ori_f4_nn,0.435253381729126,0.4248719811439514,0.0,0.0,0.42,0.0,0.0,1.0,0.0,0.0,0.6
Bundesliga_12Bet_ori_f3_rf,0.9743939911232502,0.7562545720555962,0.65,0.86,0.85,0.8,0.74,0.82,0.72,0.8,0.83
Bundesliga_12Bet_ori_f3_svm,0.5340681851436375,0.5243599122165326,0.0,0.62,0.5,0.0,0.42,0.92,0.0,0.5,0.64
Bundesliga_12Bet_ori_f3_knn,0.9982441593913086,0.8002926115581566,0.76,0.82,0.81,0.74,0.79,0.84,0.75,0.8,0.83
Bundesliga_12Bet_ori_f3_nn,0.46476125717163086,0.45164594054222107,0.0,0.62,0.44,0.0,0.1,0.99,0.0,0.17,0.61
Bundesliga_12Bet_alt_f4_rf,0.9803132210712358,0.7986745213549338,0.7,0.87,0.89,0.84,0.81,0.83,0.76,0.84,0.86
Bundesliga_12Bet_alt_f4_svm,0.5312975600176739,0.5346097201767305,0.0,0.6,0.51,0.0,0.44,0.9,0.0,0.51,0.66
Bundesliga_12Bet_alt_f4_knn,0.9992635868231136,0.8360824742268042,0.8,0.84,0.86,0.78,0.84,0.87,0.79,0.84,0.86
Bundesliga_12Bet_alt_f4_nn,0.43143993616104126,0.43622973561286926,0.0,0.0,0.44,0.0,0.0,1.0,0.0,0.0,0.61
Bundesliga_12Bet_alt_f3_rf,0.9770239088811429,0.7618556701030927,0.65,0.86,0.88,0.83,0.77,0.8,0.73,0.81,0.84
Bundesliga_12Bet_alt_f3_svm,0.531886690559183,0.5357879234167894,0.0,0.62,0.51,0.0,0.44,0.91,0.0,0.51,0.65
Bundesliga_12Bet_alt_f3_knn,0.9980362315283028,0.8119293078055965,0.77,0.81,0.84,0.76,0.82,0.84,0.76,0.81,0.84
Bundesliga_12Bet_alt_f3_nn,0.43143993616104126,0.43622973561286926,0.0,0.0,0.44,0.0,0.0,1.0,0.0,0.0,0.61
Ligue1_Bet365_ori_f4_rf,0.9334049409237379,0.40816326530612246,0.36,0.58,0.62,0.63,0.34,0.5,0.45,0.42,0.56
Ligue1_Bet365_ori_f4_svm,0.44253490870032225,0.4371643394199785,0.11,0.74,0.43,0.01,0.13,0.95,0.02,0.23,0.59
Ligue1_Bet365_ori_f4_knn,0.9989258861439313,0.49516648764769067,0.37,0.48,0.59,0.39,0.46,0.59,0.38,0.47,0.59
Ligue1_Bet365_ori_f4_nn,0.41389188170433044,0.40816327929496765,0.1,0.0,0.41,0.01,0.0,0.98,0.01,0.0,0.58
Ligue1_Bet365_ori_f3_rf,0.9287504475474401,0.3952738990332975,0.35,0.57,0.58,0.6,0.36,0.48,0.44,0.44,0.52
Ligue1_Bet365_ori_f3_svm,0.4421768707482993,0.4339419978517723,0.12,0.76,0.43,0.02,0.12,0.95,0.03,0.2,0.59
Ligue1_Bet365_ori_f3_knn,0.9985678481919084,0.4940923737916219,0.37,0.49,0.58,0.41,0.45,0.58,0.39,0.47,0.58
Ligue1_Bet365_ori_f3_nn,0.37021124362945557,0.34264230728149414,0.15,0.0,0.37,0.08,0.0,0.78,0.1,0.0,0.51
Ligue1_Bet365_alt_f4_rf,0.9317846607669616,0.38495575221238937,0.4,0.51,0.58,0.61,0.35,0.48,0.48,0.42,0.52
Ligue1_Bet365_alt_f4_svm,0.45206489675516226,0.43805309734513276,0.0,0.68,0.42,0.0,0.17,0.96,0.0,0.28,0.58
Ligue1_Bet365_alt_f4_knn,0.9992625368731564,0.5066371681415929,0.43,0.49,0.58,0.44,0.49,0.57,0.43,0.49,0.57
Ligue1_Bet365_alt_f4_nn,0.42367255687713623,0.4037610590457916,0.0,0.0,0.4,0.0,0.0,1.0,0.0,0.0,0.58
Ligue1_Bet365_alt_f3_rf,0.9317846607669616,0.39491150442477874,0.42,0.54,0.61,0.68,0.33,0.5,0.52,0.41,0.55
Ligue1_Bet365_alt_f3_svm,0.45132743362831856,0.4358407079646018,0.1,0.7,0.42,0.0,0.16,0.96,0.01,0.27,0.58
Ligue1_Bet365_alt_f3_knn,0.9985250737463127,0.49336283185840707,0.43,0.47,0.56,0.44,0.49,0.54,0.43,0.48,0.55
Ligue1_Bet365_alt_f3_nn,0.42367255687713623,0.4037610590457916,0.0,0.0,0.4,0.0,0.0,1.0,0.0,0.0,0.58
Ligue1_WilliamHill_ori_f4_rf,0.9576698513800425,0.6669984076433121,0.56,0.72,0.8,0.71,0.64,0.73,0.63,0.68,0.76
Ligue1_WilliamHill_ori_f4_svm,0.46967887473460723,0.4773089171974522,0.0,0.56,0.47,0.0,0.21,0.93,0.0,0.3,0.62
Ligue1_WilliamHill_ori_f4_knn,0.9979432059447984,0.708797770700637,0.63,0.7,0.76,0.64,0.7,0.76,0.63,0.7,0.76
Ligue1_WilliamHill_ori_f4_nn,0.437566339969635,0.44844746589660645,0.0,0.0,0.45,0.0,0.0,1.0,0.0,0.0,0.62
Ligue1_WilliamHill_ori_f3_rf,0.95421974522293,0.6409235668789809,0.53,0.72,0.77,0.7,0.61,0.7,0.6,0.66,0.73
Ligue1_WilliamHill_ori_f3_svm,0.46954617834394907,0.477906050955414,0.0,0.55,0.47,0.0,0.21,0.93,0.0,0.31,0.62
Ligue1_WilliamHill_ori_f3_knn,0.9961518046709129,0.6876990445859873,0.62,0.67,0.74,0.61,0.69,0.74,0.61,0.68,0.74
Ligue1_WilliamHill_ori_f3_nn,0.437566339969635,0.44844746589660645,0.0,0.0,0.45,0.0,0.0,1.0,0.0,0.0,0.62
Ligue1_WilliamHill_alt_f4_rf,0.9538725154215216,0.6482319078947368,0.56,0.73,0.76,0.7,0.64,0.71,0.62,0.68,0.73
Ligue1_WilliamHill_alt_f4_svm,0.4725839616175463,0.4654605263157895,0.0,0.56,0.45,0.0,0.23,0.92,0.0,0.32,0.61
Ligue1_WilliamHill_alt_f4_knn,0.9980123372172721,0.6798930921052632,0.62,0.67,0.73,0.6,0.67,0.74,0.61,0.67,0.73
Ligue1_WilliamHill_alt_f4_nn,0.44270047545433044,0.43400493264198303,0.0,0.0,0.43,0.0,0.0,1.0,0.0,0.0,0.61
Ligue1_WilliamHill_alt_f3_rf,0.9522960932145305,0.6182154605263158,0.53,0.73,0.75,0.69,0.62,0.68,0.6,0.67,0.72
Ligue1_WilliamHill_alt_f3_svm,0.4742974640164496,0.46772203947368424,0.0,0.58,0.45,0.0,0.23,0.93,0.0,0.32,0.61
Ligue1_WilliamHill_alt_f3_knn,0.9964359150102811,0.6578947368421053,0.59,0.64,0.71,0.56,0.66,0.72,0.58,0.65,0.71
Ligue1_WilliamHill_alt_f3_nn,0.44290611147880554,0.43400493264198303,0.0,0.0,0.43,0.0,0.0,1.0,0.0,0.0,0.61
Ligue1_Bwin_ori_f4_rf,0.9151273090364453,0.3398203592814371,0.33,0.51,0.55,0.52,0.34,0.46,0.4,0.4,0.5
Ligue1_Bwin_ori_f4_svm,0.45931103344982527,0.47904191616766467,0.0,0.89,0.46,0.0,0.17,0.99,0.0,0.29,0.62
Ligue1_Bwin_ori_f4_knn,0.9995007488766849,0.4595808383233533,0.34,0.43,0.57,0.36,0.44,0.54,0.35,0.43,0.55
Ligue1_Bwin_ori_f4_nn,0.4772840738296509,0.4910179674625397,0.0,0.53,0.48,0.0,0.34,0.91,0.0,0.41,0.63
Ligue1_Bwin_ori_f3_rf,0.9221168247628557,0.3562874251497006,0.33,0.49,0.6,0.53,0.32,0.49,0.4,0.39,0.54
Ligue1_Bwin_ori_f3_svm,0.45931103344982527,0.47904191616766467,0.0,0.89,0.46,0.0,0.17,0.99,0.0,0.29,0.62
Ligue1_Bwin_ori_f3_knn,0.9995007488766849,0.45808383233532934,0.35,0.41,0.56,0.35,0.42,0.56,0.35,0.42,0.56
Ligue1_Bwin_ori_f3_nn,0.4323514699935913,0.4341317415237427,0.0,0.0,0.43,0.0,0.0,1.0,0.0,0.0,0.61
Ligue1_Bwin_alt_f4_rf,0.9292604501607717,0.3418940609951846,0.33,0.44,0.56,0.52,0.32,0.45,0.41,0.37,0.5
Ligue1_Bwin_alt_f4_svm,0.4646302250803859,0.4751203852327448,0.0,0.89,0.46,0.0,0.15,1.0,0.0,0.25,0.63
Ligue1_Bwin_alt_f4_knn,1.0,0.44141252006420545,0.32,0.39,0.55,0.31,0.38,0.57,0.31,0.38,0.56
Ligue1_Bwin_alt_f4_nn,0.409967839717865,0.39807382225990295,0.0,0.32,0.46,0.0,0.51,0.59,0.0,0.39,0.52
Ligue1_Bwin_alt_f3_rf,0.927652733118971,0.3451043338683788,0.34,0.44,0.56,0.53,0.3,0.46,0.41,0.36,0.51
Ligue1_Bwin_alt_f3_svm,0.4640943193997856,0.4751203852327448,0.0,0.89,0.46,0.0,0.15,1.0,0.0,0.25,0.63
Ligue1_Bwin_alt_f3_knn,0.9994640943193998,0.44301765650080255,0.31,0.4,0.55,0.3,0.4,0.57,0.3,0.4,0.56
Ligue1_Bwin_alt_f3_nn,0.38745981454849243,0.3756019175052643,0.0,0.3,0.43,0.0,0.43,0.59,0.0,0.35,0.49
Ligue1_12Bet_ori_f4_rf,0.9721703565395217,0.7331644219229231,0.64,0.82,0.86,0.82,0.69,0.79,0.72,0.75,0.82
Ligue1_12Bet_ori_f4_svm,0.49808837912332177,0.5035338045072676,0.39,0.67,0.48,0.0,0.26,0.96,0.01,0.37,0.64
Ligue1_12Bet_ori_f4_knn,0.9992886992086779,0.7821042805707428,0.75,0.75,0.83,0.73,0.77,0.82,0.74,0.76,0.82
Ligue1_12Bet_ori_f4_nn,0.4958655536174774,0.5003333687782288,0.0,0.64,0.48,0.0,0.28,0.95,0.0,0.39,0.64
Ligue1_12Bet_ori_f3_rf,0.9719036187427759,0.693692492332311,0.59,0.81,0.84,0.8,0.65,0.77,0.68,0.72,0.8
Ligue1_12Bet_ori_f3_svm,0.49550991375477904,0.5007334311241499,0.05,0.68,0.48,0.0,0.25,0.96,0.0,0.36,0.64
Ligue1_12Bet_ori_f3_knn,0.9976438161287454,0.7718362448326443,0.73,0.74,0.82,0.72,0.75,0.82,0.72,0.75,0.82
Ligue1_12Bet_ori_f3_nn,0.4979994595050812,0.5043339133262634,0.0,0.73,0.48,0.0,0.23,0.99,0.0,0.35,0.65
Ligue1_12Bet_alt_f4_rf,0.974488880918221,0.7363819771351715,0.65,0.82,0.87,0.81,0.72,0.8,0.72,0.76,0.83
Ligue1_12Bet_alt_f4_svm,0.5008070301291249,0.5031607262945528,0.29,0.65,0.49,0.0,0.25,0.97,0.0,0.36,0.65
Ligue1_12Bet_alt_f4_knn,0.9991481348637016,0.7846671149966375,0.74,0.76,0.83,0.73,0.78,0.82,0.73,0.77,0.83
Ligue1_12Bet_alt_f4_nn,0.4995516538619995,0.5008742213249207,0.0,0.58,0.49,0.0,0.3,0.93,0.0,0.39,0.64
Ligue1_12Bet_alt_f3_rf,0.9704985652797704,0.699394754539341,0.6,0.81,0.86,0.81,0.67,0.77,0.69,0.73,0.81
Ligue1_12Bet_alt_f3_svm,0.49825143472022954,0.5010087424344317,0.12,0.66,0.49,0.0,0.24,0.96,0.0,0.35,0.65
Ligue1_12Bet_alt_f3_knn,0.9974444045911047,0.7728312037659718,0.74,0.74,0.82,0.72,0.75,0.82,0.73,0.75,0.82
Ligue1_12Bet_alt_f3_nn,0.44489777088165283,0.45043712854385376,0.0,0.0,0.45,0.0,0.0,1.0,0.0,0.0,0.62
